Material,Product Description,Current Code,Plant,Last Filed
SKU-1000,"In your letter dated February 7, 2024, you requested a ruling on the status of a women’s crop top and leggings from Colombia under the CTPA.  Your samples will not be returned to you.

Style 344-L is a women’s crop top constructed from 86 percent nylon, 14 percent spandex finely knit fabric.  The tight-fitting sleeveless garment extends from the shoulders to above the waist, and features a boat neckline, straight back, overlock stitching at the front and back and a 2-inch elasticized bottom.  The garment provides sufficient bust coverage.

Style 168 is a pair of women’s legging-styled pants constructed from 86 percent nylon, 14 percent spandex finely, knit fabric.  The tight-fitting pull-on pants extend from the waist to the ankles and features a 5-inch elasticized waistband, side pockets, overlock stitching at the back seams, sides, waist and gusset and hemmed leg openings.",610463,plant-a,2021-11-02
SKU-1001,"In your letter dated July 1, 2025, you requested a tariff classification ruling on behalf of your client, AgaMatrix, Inc. The items in consideration are AgaMatrix Presto Blood Glucose Test Strip (Part # 8000-10430), AgaMatrix Jazz Blood Glucose Test Strip (Part # 8000-10431), CareSens S Blood Glucose Test Strip (Part # 8000-10974), AgaMatrix AMP Test Strip (Part # 8000-04036), and CVS Health Advanced Glucose Meter Test Strip (Part # 8000-10736). They are made of different layers and one layer contains a chemical mixture (a reagent). They are designed solely for use by persons with diabetes to monitor their blood glucose levels. The blood glucose test strip is designed to be inserted into a blood glucose meter. The user applies a small sample of blood obtained using a lancing device to the test strip. Glucose in the blood sample reacts with the chemical mixture on the test strip. This yields a small electrical current. The blood glucose meter measures this current. It then shows the blood glucose result proportional to the current. Based on the complete chemical breakdown of the above blood glucose test strips, the chemical mixtures do not contain antigens or antisera.",300214,plant-a,2021-11-02
SKU-1002,"In your letter dated May 14, 2025, you requested a tariff classification ruling on brackets from Japan. Technical information was submitted with your request. The items under consideration are described as brackets of steel or aluminum used to attach, fix, fit, connect, protect, bind, or stabilize separate articles in semiconductor manufacturing equipment. In your request, you identify five distinct bracket types for consideration: 1) Stainless steel brackets to secure cables from interfering with the mechanical movement of the wafer prober system. 2) Steel brackets to support the front access door of the wafer prober system. 3) Steel brackets that allow a user to affix/screw a touch screen monitor to a monitor stand. 4) Steel brackets to secure/affix the main stage frame of the wafer probing system. 5) Aluminum brackets used to adjust the clamp sensor position in testing equipment. You propose classification for all four items in subheading 8302.50.0000, Harmonized Tariff Schedule of the United States (HTSUS). We disagree. The Explanatory Notes to the Harmonized Commodity Description and Coding System (ENs) represent the official interpretation of the Harmonized System at the international level. While neither legally binding nor dispositive, the ENs provide a commentary on the scope of each heading of the HTSUS and are generally indicative of the proper interpretation of thes",732690,plant-a,2021-11-02
SKU-1003,"In your letter dated December 29, 2023, you requested a tariff classification ruling on behalf of your client, California Costume, Inc.

You submitted a sample of a child size costume identified as the Bone Chilling Reaper, item number 3124-067. The costume consists of a long sleeved, hooded pullover robe, mask, and plastic chest piece. General Rule of Interpretation 3(b) is applicable when goods are, prima facie, classifiable under two or more headings, and have been put up in sets for retail sale. GRI 3(b) states that the goods “shall be classified as if they consisted of the material or component which gives them their essential character.” The flimsy man-made knitted textile robe imparts the essential character of the set and features raw, unfinished, edges on the hood, deep back opening and faux front opening. The deep back opening is closed with a single small tab of hook and loop fastener.  The neck, long sleeves and bottom hem have raw, jagged cut edges. The garment is constructed with long, loose straight stitching.",950590,plant-a,2021-11-02
SKU-1004,"In your letter dated June 17, 2025, you requested a tariff classification ruling. Your samples will be returned to you as requested. Style A is a women’s blouse constructed from 100 percent cotton jersey knit fabric that measures at least 10 or more stitches per linear centimeter measured in both directions. The loose-fitting garment extends from the shoulders to below the waist and features a rib-knit crew neckline, contrasting color letters located on the upper front panel, short, hemmed sleeves, and a hemmed bottom. Style B is a women’s blouse constructed from 100 percent cotton jersey knit fabric that measures at least 10 or more stitches per linear centimeter measured in both directions. The loose-fitting garment extends from the shoulders to below the waist and features a rib-knit crew neckline, a contrasting color logo on the upper portion of the front panel, short, hemmed sleeves, and a hemmed bottom. In your ruling request you suggest classification of style A under heading 6109, Harmonized Tariff Schedule of the United States (HTSUS), and style B under heading 6110, HTSUS. However, by application of GRI 1 and 6, the appearance of the garments, and the definition in accordance with the reasoning set forth in Headquarters Rulings H325360 and H324935, dated May 22, 2022, we find that style A and B are loose-fitting blouses of heading 6106, HTSUS. Styles A and B have char",610610,plant-a,2021-11-02
SKU-1005,"In your letter dated March 12, 2026, you requested a tariff classification and country of origin ruling for the purpose of marking on behalf of your client, Transtex LLC. You also inquire whether the unit is eligible for duty free treatment under the United States-Mexico-Canada Agreement (USMCA). The product at issue is referred to as a DClimate Truck AC Unit, part number 910016-01- HC7000U Espar RH. The unit is designed to be installed in heavy trucks for the purpose of changing temperature and humidity levels within the cabin of the truck. The unit primarily consists of a housing that features a top cover, base and an evaporator coil, a compressor, a compressor driver, a converter assembly and a condenser shroud assembly with a blower. The unit is imported packaged with a duct kit and a heater.",841520,plant-a,2021-11-02
SKU-1006,"In your letter, dated January 28, 2025, you requested a tariff classification ruling.  Photos and a product description were provided for our review in lieu of a sample.

The subject merchandise is the “161-149 OOLY x Peanuts: Color-in Wooden Scene Kit.”  The kit consists of eight thin (3 mm thick) die-cut wooden “coloring boards” that are pieces of wood shaped and printed to resemble characters from the Peanuts comic strip, a wooden stand, and twelve color markers, all packaged together for retail sale in a colorful cardboard box with handle.  The wooden coloring boards are line-printed on their faces with images of the various characters, Charlie Brown, Lucy, Schroeder, Snoopy, Peppermint Patty,  Linus, Franklin, and Sally.  The purchaser will use the markers to color the characters.  A coloring guide is provided.  After completion, the characters can be displayed together on the wooden stand.

This kit will be regarded as ""goods put up in sets for retail sale"" whose essential character is imparted by the printed elements, GRI 3(b) noted.  The General Explanatory Notes (ENs) to Chapter 49, Harmonized Tariff Schedule of the United States (HTSUS), provide in pertinent part: “… this Chapter covers all printed matter of which the essential nature and use is determined by the fact of its being printed with motifs, characters or pictorial representations...”  Also, per the ENs, the",491191,plant-a,2021-11-02
SKU-1007,"In your letter submitted on December 23, 2025, you requested a tariff classification ruling. Photographs and a detailed description of the merchandise identified as “DDM Climbing Torque Nuts” were submitted with your request. The articles under consideration are the “DDM Climbing Torque Nuts,” which are offered in two styles: “Climbing Torque Nuts” and “Climbing Wired Torque Nuts,” both produced in four sizes. The products are imported and sold both individually and in sets. Each size is distinguished by a specific color to facilitate identification and selection by climbers. The Climbing Torque Nuts are identified by item numbers A1741, A1742, A1743 and A1744. Climbing Wired Torque Nuts are identified by item numbers A1751, A1752, A1753 and A1754. The last numerical digit of each item number represents the size of the article. Both styles are passive protection hardware components designed for use in mountaineering, rock climbing, and other recreational climbing activities. The articles provide temporary protection by being placed into natural rock features, where they resist load and help arrest falls when integrated into a climbing system via a carabiner and rope. Torque nuts work in all weather conditions. They are especially useful in winter, when icy cracks cannot be protected by cams. Wired torque nuts are more resistant to accidental axe strikes and easier to control wh",950699,plant-a,2021-11-02
SKU-1008,"In your letter dated February 18, 2026, you requested a tariff classification ruling. The item under consideration is a Hinterhoeller Nonsuch 30 Ultra (HIN: ZHYN3354C686), a sailboat designed for recreational use. Illustrative literature provided specifies the subject merchandise to be approximately 30 feet in length and hull materials made of fiberglass. The product’s fuel capacity is 25 gallons, the water capacity is 65 gallons, and the holding tank is 30 gallons. The sailboat is equipped with a Westerbeke W27 diesel engine that provides the sailboat with an auxiliary motor for propulsion. Photographs provided depict the subject merchandise being manufactured in St. Catharines, Ontario, Canada. Prior registration indicates the vessel was previously used in U.S. commerce and is being returned to the United States after private ownership transfer from Canada. You identified subheading 8903.91.00, Harmonized Tariff Schedule of the United States (HTSUS), as the applicable classification. This specific subheading does not exist in the United States nomenclature.",890391,plant-a,2021-11-02
SKU-1009,"In your letter dated May 16, 2023, you requested a tariff classification ruling.

A sample was submitted and will be retained as requested.

The product under consideration is described as a “3pc Pumpkin Assortment,” Costco item number 1601309. This decorative item features three pumpkins in different sizes made from molded polyresin, which per the submitted documentation would be considered an artificial stone. The first pumpkin measures 26.5 centimeters by 26.5 centimeters by 28 centimeters, the second is 24 centimeters by 24.5 centimeters by 32.5 centimeters, and the third is 20.1 centimeters by 20.3 centimeters by 19.2 centimeters. Each pumpkin features LED lights that are soldered on to the battery pack, which is affixed to the bottom with glue. The sides of the pumpkins are carved with leaf-shaped openings. We note as light is visible through these openings that the pumpkins utilize this light to enhance their visual appeal. They remain ornamental even when the lights are not in use, and any lighting of the surrounding area, if any, is merely incidental to their use as decorations. They will come in two colors, either white or orange-brown. Lastly, you indicate the stems are molded separately and attached to the body with glue.

You state that you believe these pumpkins are appropriately classified within subheading 6810.99.0080, Harmonized Tariff Schedule of the United S",670290,plant-a,2021-11-02
SKU-1010,"In your letter dated May 28, 2024, you requested a tariff classification ruling.  Your samples will be retained by this office.

Item VA0001 is a woman’s dress constructed from 73% polyester, 22% viscose, and 5% spandex woven fabric.  The fully lined sleeveless dress features a round neck collar and a full front opening secured by a side fastener.  The dress extends from the shoulders to the mid-thigh area. The garment also features openings in the side seams and side seam pockets. In your submission, you indicate that these openings are intended to accommodate medical cords and tubes.

Item VA0002 is a woman’s blouse constructed from 45% rayon (modal), 45% polyester, and 10% spandex rib knit fabric that measures at least 10 or more stitches per linear centimeter measured in both directions. The loose-fitting garment extends from the shoulders to below the waist and features a crew neckline, short sleeves, six snaps from the neckline to the sleeve hem, and a straight, self-start bottom.  In your submission, you indicate that the garment is designed for use by women who need to access their PICC lines and ports without having to remove any clothing.

Item VA0003 is a woman’s dress constructed from 100% linen woven fabric.  The fully lined dress features a pointed collar, short sleeves, side seam pockets below the waist, and a partial front opening secured by six button closures.",620443,plant-a,2021-11-02
SKU-1011,"In your letter dated November 3, 2025, you requested a tariff classification ruling on behalf of your client, California Costume, Inc. You submitted a sample of a child size costume identified as Police Officer, item number 00402, which consists of a pullover short-sleeved dress, hat, belt, handcuffs and badges. General Rule of Interpretation 3(b) is applicable when goods are, prima facie, classifiable under two or more headings, and have been put up in sets for retail sale. GRI 3(b) states that the goods “shall be classified as if they consisted of the material or component which gives them their essential character.” The flimsy man-made knitted textile dress provides the essential character of the set and features an open front to the waist, closed with three small tabs of hook and loop fastener. The dress has a bandless, flat collar stitched on with a single row of long, loose straight stitching. The short sleeves and hem bottom have edges folded over once and stitched with a single row of long loose straight stitching. The flimsy half elastic waist consists of a strip of narrow, exposed elastic stitched directly to the back of the dress with one row of large, visible, loose straight stitching. Although the collar has well-made attributes, the dress is not well-made. The dress is stitched together with a single row of long, loose straight stitching. The same costume will als",950590,plant-a,2021-11-02
SKU-1012,"In your letter, dated March 17, 2025, you requested a tariff classification ruling on behalf of your client, Kimberly Clark Global Sales LLC. Samples and a description of the item were submitted for our review. This letter will be given confidential treatment based on the facts you supplied to support your claim for exemption from disclosure. The products under consideration are “Click Compact Tampons.” The tampons come in three levels of absorbency, Regular, Super, and Super Plus, and are packaged together in a “multipak” retail box. The applicators, which are made of plastic, consist of a barrel, a telescopic tube, and a plunger. The tampons have an inner core of textile wadding, which, per your submission, is rayon. This core has a nonwoven overwrap cover of semi-synthetic material. When examined, the inner rayon core meets the definition of “textile wadding,” as defined in the Explanatory Notes to Chapter 56, HTSUS, which state: (A) WADDING OF TEXTILE MATERIALS AND ARTICLES THEREOF The wadding referred to here is made by superimposing several layers of carded or airlaid textile fibres one on the other, and then compressing them in order to increase the cohesion of the fibres… Wadding takes the form of a flexible, spongy, highbulk sheet, of even thickness, the fibres in which are readily separable. It is generally made of cotton fibres (absorbent or other cotton waddings) or",961900,plant-a,2021-11-02
SKU-1013,"This ruling replaces ruling N323031, dated December 15, 2021, which contains a clerical error in the garment description. The durable water repellent is of the type C0, not C6. This ruling is being issued to correct the error. A complete corrected ruling follows.

In your letter dated November 29, 2021, you requested a tariff classification ruling. Per your request, the sample will be returned.

Style 5703130 is a men’s hip-length shirt jacket constructed from a woven 100% polyester double weave fabric coated with a C0 Durable Water Repellent (DWR). The garment features a full front opening with a left-over-right, rubber coated, seven-snap closure; long, vented sleeves with single-snap cuffs; and a rounded hemmed bottom. The garment also contains an invisible zippered chest pocket and invisible zippered pockets below the waist.

In your letter, you state the garment is water resistant; however, you did not provide documentation to support your claim. We have not confirmed the results in our own laboratory, although the CBP officer handling the transaction may choose to do so at the time of importation.

If the jacket passes the water resistant test as specified in Harmonized Tariff Schedule of the United States (HTSUS), Chapter 62, Additional U.S. Note 2, then",620193,plant-a,2021-11-02
SKU-1014,"In your letter dated August 8, 2023, you requested a tariff classification ruling. Product descriptions and photographs of the metal clip with pen holder were provided for our review.

The article under consideration is identified as a metal clip with pen holder. The article is comprised of a metal clip made of brass that is attached to a loop made of polyurethane (PU). The loop is secured to the clip with two brass fasteners. You stated in your letter that “The intended use for this item is to slide the metal clip onto the cover of a date planner, journal or notebook and to use the looped material to hold a writing utensil such as a pen or pencil. The metal clip is not intended to hold any pages together, or to be used as a bookmark…This item will be packaged in a poly bag with a header card when imported into the United States.”

The metal clip with pen holder is comprised of brass and PU components that are classified in different headings.  Classification of merchandise under the Harmonized Tariff Schedule of the United States (HTSUS) is in accordance with the General Rules of Interpretation GRIs), taken in order. GRI 1 provides that classification shall be determined according to the terms of the headings and any relative section or chapter notes. Since no one heading in the tariff schedule covers the brass and PU components that comprise the metal clip with pen holder in ",741999,plant-a,2021-11-02
SKU-1015,"In your letter dated May 7, 2025, you requested a binding tariff classification and country of origin ruling on behalf of Shuanglin Automotive (Thailand) Co. In lieu of samples, technical and illustrative literature, a product description, and manufacturing processes were provided. The item that is the subject of this ruling request is constructed of foreign sourced raw materials. A description of the item immediately follows. The “HDM-Horizontal Driving Mechanism (HDM)” is a seat component constructed of metal and plastic that will be permanently affixed to the metal frame of a motor vehicle seat. Documentation provided states “[T]he HDM work with a motor to drive gears or screw mechanisms, enabling horizontal adjustment of the seat position for optimal legroom and driving posture” and “[L]ow-noise design (e.g., nylon gears or damping materials) ensures smooth and quiet operation.” The assembly contains no upholstery, no cushions, no seat foundation, backrest, legs, or armrests. The assembly will be incorporated into the front driver and front passenger seats of motor vehicles according to Original Equipment Manufacturer (OEM) specifications.",940190,plant-a,2021-11-02
SKU-1016,"In your letter dated February 22, 2022, you requested a tariff classification ruling. Per your request, the sample will be returned.

Style 5709301 is a women’s hip-length jacket constructed from a woven 100% polyester fabric treated with a C6 Durable Water Repellent (DWR), which has been quilted to a polyester batting. The fully lined garment features a full front opening with a right-over-left, rubber coated, six-snap closure; a stand-up collar; long sleeves with stretch binding cuffs; and a curved, hemmed bottom. The garment also has unsecured pockets below the waist and a small, zippered security pocket inside the right pocket.

In your letter, you state the garment is water resistant; however, you did not provide documentation to support your claim. We have not confirmed the results in our own laboratory, although the CBP officer handling the transaction may choose to do so at the time of importation.

If the jacket passes the water resistant test as specified in Harmonized Tariff Schedule of the United States (HTSUS), Chapter 62, Additional U.S. Note 2, then",620213,plant-a,2021-11-02
SKU-1017,"In your letter dated May 18, 2022, you requested a tariff classification ruling.

Style 8408596 “Mesh Half Shirt with O Rings” is a woman’s crop top composed of 100 percent polyester mesh knit fabric. The long-sleeved top reaches from the shoulder to above the bust, and features a mock neck, one metal O ring sewn to the front center, and three metal O rings sewn at the front shoulders. The garment lacks bust coverage and has a hemmed bottom.",611430,plant-a,2021-11-02
SKU-1018,"In your letter, dated May 16, 2023, you requested a binding ruling for tariff classification and country of origin.  The ruling was requested on multilayer wood panels.  Product information and a sample were submitted for our review.

The products under consideration are uncoated, multilayer wood panels.  You state that the panels measure 1220 millimeters wide by 2440 millimeters long and between 4 millimeters to 30 millimeters in thickness.  You indicate that the face and back plies are constructed of Okoumé (a tropical wood) that measures 0.5 millimeters in thickness and the core plies are also constructed of Okoumé that each measure 1.6 to 1.7 millimeters.  The sample you submitted consists of 9 plies and the grain of each layer runs at a 90-degree angle to the successive layers.

The term “plywood” is defined in the Explanatory Notes for heading 4412, Harmonized Tariff Schedule of the United States (HTSUS), as a panel “consisting of three or more sheets of wood glued and pressed one on the other and generally disposed so that the grains of successive layers are at an angle.”  This definition describes the instant panels. Plywood is specifically provided for in heading 4412 of the HTSUS, and the panels are classified in that heading in accordance with General Rule of Interpretation 1.",441231,plant-a,2021-11-02
SKU-1019,"This is in reply to your letter dated March 2, 2026, requesting a tariff classification and country of origin determination for a coated upholstery fabric, which will be imported into the United States from China. FACTS: The subject merchandise, style “Dillion 2.0 TR,” is a twill weave fabric with plastic coating. The coated fabric is composed of 63.4 percent polyurethane coating, 28.9 percent polyester staple fibers and 7.7 percent r ayon staple fibers, by weight. The polyurethane coating consists of one inner cellular layer and an outer layer which is compact. The combined material weighs 470 g/m2. The fabric is being imported in widths of 55 inches and used for upholstery. Based upon our observation, the plastic coating is visible to the naked eye. The manufacturing operations for the coated upholstery fabric are as follows: Vietnam The fabric is woven. The twill weave fabric is shipped to China. China The fabric is dyed and brushed/napped. The fabric is coated with the first layer of polyurethane cellular plastic. An outer layer of “dry” polyurethane (compact plastic) is applied over the cellular coating. The finished fabric is shipped from China to the United States.

ISSUE: What is the classification and country of origin of the subject merchandise? CLASSIFICATION:",590320,plant-a,2021-11-02
